{
  "latency_ms": {
    "PyTorch Eager": 3.81795198246638,
    "CUDA Graph": 1.9020573076963427,
    "Opara": 1.8841581614255907,
    "GT+PPO": 1.8352557397206621
  },
  "throughput": {
    "PyTorch Eager": 261.9205282288554,
    "CUDA Graph": 525.7465145522559,
    "Opara": 530.7410070306308,
    "GT+PPO": 544.8831889512066
  }
}
