{
  "latency_ms": {
    "PyTorch Eager": 2.7446984295368195,
    "CUDA Graph": 0.6485055143078168,
    "Opara": 0.6496655274232228,
    "GT+PPO": 0.6146043457388879
  },
  "throughput": {
    "PyTorch Eager": 364.3387518419481,
    "CUDA Graph": 1542.0069343085715,
    "Opara": 1539.2535971029795,
    "GT+PPO": 1627.0630153091138
  }
}
