{
  "latency_ms": {
    "PyTorch Eager": 4.637361040782929,
    "CUDA Graph": 1.7077349554538725,
    "Opara": 1.6214335183302564,
    "GT+PPO": 1.536462581181526
  },
  "throughput": {
    "PyTorch Eager": 215.639884668365,
    "CUDA Graph": 585.5709615864984,
    "Opara": 616.738206466704,
    "GT+PPO": 650.8456582333486
  }
}
