{
  "latency_ms": {
    "PyTorch Eager": 2.583248068157831,
    "CUDA Graph": 1.0646646827856698,
    "Opara": 1.0721420225779215,
    "GT+PPO": 1.062481787832578
  },
  "throughput": {
    "PyTorch Eager": 387.1095510827658,
    "CUDA Graph": 939.262864795631,
    "Opara": 932.7122516805573,
    "GT+PPO": 941.1926034421366
  }
}
